{"cameraMode":{"drawMode":0,"name":"Shaded","section":"Shading Mode"},"sceneLighting":true,"audioPlay":false,"sceneViewState":{"showFog":true,"showMaterialUpdate":false,"showSkybox":true,"showFlares":true,"showImageEffects":true,"showParticleSystems":true},"in2DMode":false,"pivot":{"x":-4.432199478149414,"y":5.458057403564453,"z":-13.7001314163208},"rotation":{"x":0.07802270352840424,"y":0.9047344923019409,"z":-0.18888451159000398,"w":0.3738056421279907},"size":21.987499237060548,"orthographic":false}